<?xml version = "1.0" encoding = "UTF-8" standalone = "yes"?>
<TimelineLine_Prefs STK_version = "12.6.0">
    <Views Type = "Content">
        <ContentView Name = "Scenario Availability">
            <Row ClassName = "Scenario" ComponentName = "AvailabilityIntervals" DisplayName = "Senario_Third_Demo_NPS_Air_Diablo AvailabilityIntervals" IsDefaultName = "True" IsExpanded = "False" IsGroup = "False" IsHidden = "False" Path = "/Application/STK/Scenario/Senario_Third_Demo_NPS_Air_Diablo" Type = "IntervalList">
                <Interval Name = "Senario_Third_Demo_NPS_Air_Diablo AvailabilityIntervals" StartTime = "15 May 2024 19:45:00.000" StopTime = "15 May 2024 22:00:00.000" />
            </Row>
            <Row ClassName = "Access" ComponentName = "AccessIntervals" DisplayName = "Aircraft-RelayAirMercd-Transmitter-Relay_XmttoGs2new-To-Place-Gs2_NPS-Receiver-Gs2_Rcv AccessIntervals" IsDefaultName = "True" IsExpanded = "False" IsGroup = "False" IsHidden = "False" Path = "Access:/Application/STK/Scenario/Senario_Third_Demo_NPS_Air_Diablo/Aircraft/RelayAirMercd/Transmitter/Relay_XmttoGs2new;/Application/STK/Scenario/Senario_Third_Demo_NPS_Air_Diablo/Place/Gs2_NPS/Receiver/Gs2_Rcv" Type = "IntervalList">
                <Interval Name = "Aircraft-RelayAirMercd-Transmitter-Relay_XmttoGs2new-To-Place-Gs2_NPS-Receiver-Gs2_Rcv AccessIntervals" StartTime = "15 May 2024 19:45:00.000" StopTime = "15 May 2024 21:24:17.693" />
            </Row>
            <Row ClassName = "Access" ComponentName = "AccessIntervals" DisplayName = "Aircraft-RelayAirMercd-Receiver-Relay_RcvfromGs1new-To-Place-Gs1_Diablo-Transmitter-Gs1_Xmt AccessIntervals" IsDefaultName = "True" IsExpanded = "False" IsGroup = "False" IsHidden = "False" Path = "Access:/Application/STK/Scenario/Senario_Third_Demo_NPS_Air_Diablo/Aircraft/RelayAirMercd/Receiver/Relay_RcvfromGs1new;/Application/STK/Scenario/Senario_Third_Demo_NPS_Air_Diablo/Place/Gs1_Diablo/Transmitter/Gs1_Xmt" Type = "IntervalList">
                <Interval Name = "Aircraft-RelayAirMercd-Receiver-Relay_RcvfromGs1new-To-Place-Gs1_Diablo-Transmitter-Gs1_Xmt AccessIntervals" StartTime = "15 May 2024 20:06:04.846" StopTime = "15 May 2024 21:02:43.683" />
            </Row>
            <Row ClassName = "Access" ComponentName = "AccessIntervals" DisplayName = "Aircraft-RelayAirMercd-Receiver-Relay_RcvfromGs1new-To-Aircraft-Relay1Air AccessIntervals" IsDefaultName = "True" IsExpanded = "False" IsGroup = "False" IsHidden = "False" Path = "Access:/Application/STK/Scenario/Senario_Third_Demo_NPS_Air_Diablo/Aircraft/RelayAirMercd/Receiver/Relay_RcvfromGs1new;/Application/STK/Scenario/Senario_Third_Demo_NPS_Air_Diablo/Aircraft/Relay1Air" Type = "IntervalList" />
        </ContentView>
    </Views>
    <Views Type = "Time">
        <TimeView FullViewRulerStartTime = "0.000000" FullViewRulerStopTime = "0.000000" GlobalIntervalComp = "AnalysisInterval" GlobalIntervalCompPath = "/Application/STK/Scenario/Senario_Third_Demo_NPS_Air_Diablo" GlobalStartOffset = "0.000000" GlobalStartTime = "15 May 2024 19:45:00.000" GlobalStopOffset = "0.000000" GlobalStopTime = "15 May 2024 22:00:00.000" MaxFullViewTime = "0.000000" MinFullViewTime = "0.000000" Name = "Scenario Analysis Period" ViewportStartTime = "0.000000" ViewportStopTime = "0.000000" />
    </Views>
</TimelineLine_Prefs>