<?xml version = "1.0" encoding = "UTF-8" standalone = "yes"?>
<TimelineLine_Prefs STK_version = "12.6.0">
    <Views Type = "Content">
        <ContentView Name = "Scenario Availability">
            <Row ClassName = "Scenario" ComponentName = "AvailabilityIntervals" DisplayName = "Senario_Coronado AvailabilityIntervals" IsDefaultName = "True" IsExpanded = "False" IsGroup = "False" IsHidden = "False" Path = "/Application/STK/Scenario/Senario_Coronado" Type = "IntervalList">
                <Interval Name = "Senario_Coronado AvailabilityIntervals" StartTime = "24 Jan 2024 20:00:00.000" StopTime = "24 Jan 2024 22:00:00.000" />
            </Row>
            <Row ClassName = "Access" ComponentName = "AccessIntervals" DisplayName = "Place-Gs2YPG-To-Place-Gs1Coronado AccessIntervals" IsDefaultName = "True" IsExpanded = "False" IsGroup = "False" IsHidden = "False" Path = "Access:/Application/STK/Scenario/Senario_Coronado/Place/Gs2YPG;/Application/STK/Scenario/Senario_Coronado/Place/Gs1Coronado" Type = "IntervalList" />
            <Row ClassName = "Access" ComponentName = "AccessIntervals" DisplayName = "Place-Gs1Coronado-Antenna-Gs1Ant-To-Aircraft-Relay1Air-Antenna-Relay1Ant AccessIntervals" IsDefaultName = "True" IsExpanded = "False" IsGroup = "False" IsHidden = "False" Path = "Access:/Application/STK/Scenario/Senario_Coronado/Place/Gs1Coronado/Antenna/Gs1Ant;/Application/STK/Scenario/Senario_Coronado/Aircraft/Relay1Air/Antenna/Relay1Ant" Type = "IntervalList">
                <Interval Name = "Place-Gs1Coronado-Antenna-Gs1Ant-To-Aircraft-Relay1Air-Antenna-Relay1Ant AccessIntervals" StartTime = "24 Jan 2024 20:00:00.000" StopTime = "24 Jan 2024 21:47:37.705" />
            </Row>
            <Row ClassName = "Access" ComponentName = "AccessIntervals" DisplayName = "Place-Gs1Coronado-Transmitter-Gs1_Xmt-To-Aircraft-Relay1Air-Receiver-Relay_RcvfromGS1 AccessIntervals" IsDefaultName = "True" IsExpanded = "False" IsGroup = "False" IsHidden = "False" Path = "Access:/Application/STK/Scenario/Senario_Coronado/Place/Gs1Coronado/Transmitter/Gs1_Xmt;/Application/STK/Scenario/Senario_Coronado/Aircraft/Relay1Air/Receiver/Relay_RcvfromGS1" Type = "IntervalList">
                <Interval Name = "Place-Gs1Coronado-Transmitter-Gs1_Xmt-To-Aircraft-Relay1Air-Receiver-Relay_RcvfromGS1 AccessIntervals" StartTime = "24 Jan 2024 20:00:00.000" StopTime = "24 Jan 2024 21:47:37.705" />
            </Row>
            <Row ClassName = "Access" ComponentName = "AccessIntervals" DisplayName = "Place-Gs2YPG-Receiver-Gs2_Rcv-To-Aircraft-Relay1Air-Transmitter-Relay_XmttoGs2 AccessIntervals" IsDefaultName = "True" IsExpanded = "False" IsGroup = "False" IsHidden = "False" Path = "Access:/Application/STK/Scenario/Senario_Coronado/Place/Gs2YPG/Receiver/Gs2_Rcv;/Application/STK/Scenario/Senario_Coronado/Aircraft/Relay1Air/Transmitter/Relay_XmttoGs2" Type = "IntervalList">
                <Interval Name = "Place-Gs2YPG-Receiver-Gs2_Rcv-To-Aircraft-Relay1Air-Transmitter-Relay_XmttoGs2 AccessIntervals" StartTime = "24 Jan 2024 20:00:00.000" StopTime = "24 Jan 2024 21:47:37.705" />
            </Row>
        </ContentView>
    </Views>
    <Views Type = "Time">
        <TimeView FullViewRulerStartTime = "0.000000" FullViewRulerStopTime = "0.000000" GlobalIntervalComp = "AnalysisInterval" GlobalIntervalCompPath = "/Application/STK/Scenario/Senario_Coronado" GlobalStartOffset = "0.000000" GlobalStartTime = "24 Jan 2024 20:00:00.000" GlobalStopOffset = "0.000000" GlobalStopTime = "24 Jan 2024 22:00:00.000" MaxFullViewTime = "0.000000" MinFullViewTime = "0.000000" Name = "Scenario Analysis Period" ViewportStartTime = "0.000000" ViewportStopTime = "0.000000" />
    </Views>
</TimelineLine_Prefs>